Fecha,DolarCCL,DolarMEP
07/04/2023,"408,24","396,60"
06/04/2023,"408,24","396,60"
05/04/2023,"408,24","396,60"
04/04/2023,"409,82","402,41"
03/04/2023,"406,77","396,94"
31/03/2023,"406,54","397,37"
30/03/2023,"402,79","391,82"
29/03/2023,"395,89","386,81"
28/03/2023,"390,63","383,55"
27/03/2023,"392,58","376,40"
24/03/2023,"390,19","375,72"
23/03/2023,"390,19","375,72"
22/03/2023,"397,17","387,10"
21/03/2023,"399,62","385,98"
20/03/2023,"401,36","387,63"
17/03/2023,"403,57","388,84"
16/03/2023,"400,62","388,76"
15/03/2023,"397,07","383,31"
14/03/2023,"391,47","377,76"
13/03/2023,"395,50","379,51"
10/03/2023,"393,68","380,64"
09/03/2023,"387,78","375,43"
08/03/2023,"378,96","372,86"
07/03/2023,"375,69","366,97"
06/03/2023,"372,68","362,42"
03/03/2023,"372,31","366,50"
02/03/2023,"372,57","364,81"
01/03/2023,"368,88","359,78"
28/02/2023,"366,41","357,47"
27/02/2023,"364,93","356,07"
24/02/2023,"367,02","356,78"
23/02/2023,"367,03","357,26"
22/02/2023,"368,46","356,45"
21/02/2023,"369,80","355,59"
20/02/2023,"369,80","355,59"
17/02/2023,"369,80","355,59"
16/02/2023,"370,02","357,61"
15/02/2023,"368,52","356,23"
14/02/2023,"369,82","355,28"
13/02/2023,"370,87","355,27"
10/02/2023,"371,23","354,15"
09/02/2023,"371,60","354,36"
08/02/2023,"366,13","354,95"
07/02/2023,"366,16","353,20"
06/02/2023,"365,71","353,94"
03/02/2023,"362,95","357,36"
02/02/2023,"366,83","354,75"
01/02/2023,"367,07","353,70"
31/01/2023,"367,42","354,81"
30/01/2023,"369,52","353,93"
27/01/2023,"370,39","352,78"
26/01/2023,"369,39","352,22"
25/01/2023,"365,99","351,98"
24/01/2023,"360,03","353,85"
23/01/2023,"363,19","352,21"
20/01/2023,"360,98","352,52"
19/01/2023,"355,41","332,83"
18/01/2023,"351,82","340,30"
17/01/2023,"362,19","341,89"
16/01/2023,"356,38","344,03"
13/01/2023,"349,26","340,23"
12/01/2023,"343,57","342,38"
11/01/2023,"336,96","327,70"
10/01/2023,"331,97","325,87"
09/01/2023,"333,97","327,17"
06/01/2023,"338,92","329,91"
05/01/2023,"342,16","332,67"
04/01/2023,"339,48","334,93"
03/01/2023,"344,44","330,70"
02/01/2023,"344,88","329,21"
30/12/2022,"344,13","327,94"
29/12/2022,"340,50","334,36"
28/12/2022,"346,15","331,63"
27/12/2022,"337,49","335,39"
26/12/2022,"334,85","327,62"
23/12/2022,"333,16","325,71"
22/12/2022,"333,48","324,25"
21/12/2022,"332,95","322,87"
20/12/2022,"331,58","325,01"
19/12/2022,"332,43","320,89"
16/12/2022,"332,31","320,10"
15/12/2022,"332,67","320,10"
14/12/2022,"330,13","322,70"
13/12/2022,"333,68","323,36"
12/12/2022,"332,38","322,35"
09/12/2022,"338,09","328,98"
08/12/2022,"338,09","328,98"
07/12/2022,"338,09","328,98"
06/12/2022,"340,40","328,88"
05/12/2022,"330,47","319,11"
02/12/2022,"327,00","318,67"
01/12/2022,"323,72","318,57"
30/11/2022,"322,75","312,51"
29/11/2022,"322,74","313,45"
28/11/2022,"322,49","314,02"
25/11/2022,"323,02","316,07"
24/11/2022,"322,61","319,30"
23/11/2022,"325,72","311,81"
22/11/2022,"330,95","312,80"
21/11/2022,"332,24","313,58"
18/11/2022,"332,24","313,58"
17/11/2022,"334,79","313,87"
16/11/2022,"324,62","308,98"
15/11/2022,"319,12","302,06"
14/11/2022,"310,45","299,84"
11/11/2022,"309,77","297,71"
10/11/2022,"308,69","296,82"
09/11/2022,"307,98","292,93"
08/11/2022,"301,24","292,37"
07/11/2022,"303,47","289,76"
04/11/2022,"304,55","290,97"
03/11/2022,"304,93","292,92"
02/11/2022,"303,38","291,17"
01/11/2022,"303,67","292,84"
31/10/2022,"307,42","293,92"
28/10/2022,"305,80","295,07"
27/10/2022,"307,48","294,65"
26/10/2022,"305,93","292,28"
25/10/2022,"305,82","293,63"
24/10/2022,"303,96","291,89"
21/10/2022,"303,64","290,63"
20/10/2022,"304,01","290,87"
19/10/2022,"302,97","292,41"
18/10/2022,"304,07","293,33"
17/10/2022,"307,95","295,58"
14/10/2022,"312,89","299,04"
13/10/2022,"313,72","299,42"
12/10/2022,"305,90","293,69"
11/10/2022,"304,00","288,15"
10/10/2022,"307,12","293,25"
07/10/2022,"307,12","293,25"
06/10/2022,"307,12","293,25"
05/10/2022,"309,67","297,50"
04/10/2022,"308,20","299,77"
03/10/2022,"306,98","297,97"
30/09/2022,"308,96","302,48"
29/09/2022,"304,29","295,83"
28/09/2022,"307,62","297,99"
27/09/2022,"305,54","296,78"
26/09/2022,"306,86","298,25"
23/09/2022,"312,23","301,82"
22/09/2022,"312,16","302,19"
21/09/2022,"305,90","297,91"
20/09/2022,"302,89","295,10"
19/09/2022,"303,33","297,11"
16/09/2022,"301,15","294,19"
15/09/2022,"295,37","289,66"
14/09/2022,"284,25","275,45"
13/09/2022,"279,46","269,90"
12/09/2022,"279,90","269,39"
09/09/2022,"280,88","269,56"
08/09/2022,"282,89","273,02"
07/09/2022,"280,82","271,03"
06/09/2022,"283,39","270,34"
05/09/2022,"282,91","271,19"
02/09/2022,"288,74","278,73"
01/09/2022,"288,74","278,73"
31/08/2022,"292,83","283,08"
30/08/2022,"298,03","283,83"
29/08/2022,"290,00","281,78"
28/08/2022,"292,53","282,57"
27/08/2022,"292,53","282,57"
26/08/2022,"292,53","282,57"
25/08/2022,"295,96","286,60"
24/08/2022,"293,48","286,60"
23/08/2022,"299,00","288,15"
22/08/2022,"300,35","287,88"
21/08/2022,"300,35","292,03"
20/08/2022,"300,35","292,03"
19/08/2022,"300,35","292,03"
18/08/2022,"293,97","288,13"
17/08/2022,"284,13","281,37"
16/08/2022,"278,06","275,78"
15/08/2022,"285,53","279,12"
14/08/2022,"285,53","279,12"
13/08/2022,"285,53","279,12"
12/08/2022,"285,53","279,12"
11/08/2022,"286,28","279,36"
10/08/2022,"289,78","284,59"
09/08/2022,"287,66","279,20"
08/08/2022,"283,76","278,94"
07/08/2022,"284,58","278,78"
06/08/2022,"284,58","278,78"
05/08/2022,"284,58","278,78"
04/08/2022,"289,60","284,47"
03/08/2022,"287,55","281,02"
02/08/2022,"285,12","276,66"
01/08/2022,"279,64","272,48"
31/07/2022,"288,28","276,71"
30/07/2022,"288,28","276,71"
29/07/2022,"288,28","276,71"
28/07/2022,"321,90","298,16"
27/07/2022,"339,40","323,77"
26/07/2022,"328,14","324,88"
25/07/2022,"325,99","319,72"
24/07/2022,"326,47","315,50"
23/07/2022,"326,47","315,50"
22/07/2022,"326,47","315,50"
21/07/2022,"329,82","326,09"
20/07/2022,"308,75","303,44"
19/07/2022,"303,80","297,84"
18/07/2022,"303,92","295,24"
15/07/2022,"301,49","292,50"
14/07/2022,"294,93","284,28"
13/07/2022,"290,15","280,06"
12/07/2022,"291,88","279,40"
11/07/2022,"297,49","285,69"
08/07/2022,"300,89","289,29"
07/07/2022,"296,29","284,32"
06/07/2022,"278,17","270,17"
05/07/2022,"274,16","265,28"
04/07/2022,"281,18","272,39"
01/07/2022,"252,22","247,90"
30/06/2022,"252,71","249,59"
29/06/2022,"251,03","245,67"
28/06/2022,"250,00","243,07"
27/06/2022,"244,39","240,09"
24/06/2022,"237,17","232,72"
23/06/2022,"237,32","232,23"
22/06/2022,"235,33","227,94"
21/06/2022,"240,57","233,27"
20/06/2022,"242,24","235,09"
17/06/2022,"242,24","235,09"
16/06/2022,"242,24","235,09"
15/06/2022,"238,32","229,83"
14/06/2022,"239,11","231,96"
13/06/2022,"237,74","227,37"
10/06/2022,"227,61","223,20"
09/06/2022,"219,86","217,50"
08/06/2022,"210,31","209,15"
07/06/2022,"210,17","208,68"
06/06/2022,"210,10","208,84"
03/06/2022,"209,64","207,75"
02/06/2022,"209,53","207,04"
01/06/2022,"210,81","208,62"
31/05/2022,"210,51","207,35"
30/05/2022,"211,77","209,15"
27/05/2022,"210,70","210,35"
26/05/2022,"213,61","211,41"
25/05/2022,"212,54","211,33"
24/05/2022,"212,54","211,33"
23/05/2022,"211,32","210,61"
20/05/2022,"211,58","209,56"
19/05/2022,"210,48","207,88"
18/05/2022,"211,45","209,31"
17/05/2022,"211,45","209,31"
16/05/2022,"213,13","210,79"
13/05/2022,"213,18","210,85"
12/05/2022,"209,13","206,38"
11/05/2022,"207,88","207,08"
10/05/2022,"209,08","207,79"
09/05/2022,"208,01","206,52"
06/05/2022,"208,16","208,49"
05/05/2022,"206,61","205,39"
04/05/2022,"204,89","203,57"
03/05/2022,"208,60","207,49"
02/05/2022,"210,72","209,38"
29/04/2022,"206,96","205,99"
28/04/2022,"205,45","203,99"
27/04/2022,"210,72","208,33"
26/04/2022,"214,11","212,07"
25/04/2022,"209,56","207,96"
22/04/2022,"208,79","208,27"
21/04/2022,"203,73","203,97"
20/04/2022,"194,66","195,24"
19/04/2022,"191,12","191,69"
18/04/2022,"188,74","189,30"
15/04/2022,"190,53","191,33"
14/04/2022,"190,53","191,33"
13/04/2022,"190,53","191,33"
12/04/2022,"190,80","191,67"
11/04/2022,"190,97","191,31"
08/04/2022,"190,06","191,15"
07/04/2022,"191,01","192,32"
06/04/2022,"189,58","190,21"
05/04/2022,"190,00","190,17"
04/04/2022,"190,49","190,88"
01/04/2022,"189,52","189,75"
31/03/2022,"190,28","190,56"
30/03/2022,"193,04","192,52"
29/03/2022,"191,99","191,99"
28/03/2022,"197,16","196,27"
25/03/2022,"200,50","200,31"
23/03/2022,"201,10","200,72"
22/03/2022,"200,62","199,82"
21/03/2022,"197,90","197,90"
18/03/2022,"195,47","195,17"
17/03/2022,"195,74","195,27"
16/03/2022,"194,59","193,30"
15/03/2022,"189,10","187,94"
14/03/2022,"188,38","185,60"
11/03/2022,"190,00","187,41"
10/03/2022,"192,25","189,62"
09/03/2022,"193,74","190,85"
08/03/2022,"198,67","194,54"
07/03/2022,"200,10","197,28"
06/03/2022,"201,14","197,60"
05/03/2022,"201,14","197,60"
04/03/2022,"201,14","197,60"
03/03/2022,"201,42","196,82"
02/03/2022,"202,23","196,84"
01/03/2022,"200,47","195,31"
28/02/2022,"200,47","195,31"
27/02/2022,"200,47","195,31"
26/02/2022,"200,47","195,31"
25/02/2022,"200,47","195,31"
24/02/2022,"203,38","197,19"
23/02/2022,"202,99","196,81"
22/02/2022,"201,63","196,05"
21/02/2022,"207,35","201,12"
20/02/2022,"206,74","199,72"
19/02/2022,"206,74","199,72"
18/02/2022,"206,74","199,72"
17/02/2022,"209,92","203,03"
16/02/2022,"211,39","203,93"
15/02/2022,"212,61","205,49"
14/02/2022,"214,43","207,41"
13/02/2022,"216,21","207,59"
12/02/2022,"216,21","207,59"
11/02/2022,"216,21","207,59"
10/02/2022,"214,35","207,15"
09/02/2022,"212,87","204,97"
08/02/2022,"215,87","207,90"
07/02/2022,"218,73","210,22"
06/02/2022,"220,24","212,23"
05/02/2022,"220,24","212,23"
04/02/2022,"220,24","212,23"
03/02/2022,"220,21","211,71"
02/02/2022,"218,94","210,88"
01/02/2022,"222,21","214,63"
31/01/2022,"244,61","214,67"
30/01/2022,"240,00","216,66"
29/01/2022,"240,00","216,66"
28/01/2022,"240,00","216,66"
27/01/2022,"231,17","223,75"
26/01/2022,"229,12","216,85"
25/01/2022,"221,74","218,84"
24/01/2022,"217,68","219,09"
23/01/2022,"218,82","212,74"
22/01/2022,"218,82","212,74"
21/01/2022,"218,82","212,74"
20/01/2022,"217,86","212,32"
19/01/2022,"216,39","206,58"
18/01/2022,"205,94","203,60"
17/01/2022,"207,08","204,11"
16/01/2022,"206,04","202,46"
15/01/2022,"206,04","202,46"
14/01/2022,"206,04","202,46"
13/01/2022,"207,71","200,74"
12/01/2022,"211,22","201,96"
11/01/2022,"211,53","202,46"
10/01/2022,"213,97","202,78"
09/01/2022,"214,26","203,84"
08/01/2022,"214,26","203,84"
07/01/2022,"214,26","203,84"
06/01/2022,"216,20","202,09"
05/01/2022,"208,60","199,07"
04/01/2022,"205,24","197,40"
03/01/2022,"208,08","198,26"
02/01/2022,"202,13","197,80"
01/01/2022,"202,13","197,80"
31/12/2021,"202,13","197,80"
30/12/2021,"202,13","197,80"
29/12/2021,"203,44","196,03"
28/12/2021,"202,41","193,34"
27/12/2021,"204,47","194,53"
26/12/2021,"204,35","197,97"
25/12/2021,"204,35","197,97"
24/12/2021,"204,35","197,97"
23/12/2021,"203,04","199,21"
22/12/2021,"209,61","199,84"
21/12/2021,"206,06","202,17"
20/12/2021,"204,26","200,41"
19/12/2021,"204,84","199,22"
18/12/2021,"204,84","199,22"
17/12/2021,"204,84","199,22"
16/12/2021,"198,34","191,64"
15/12/2021,"199,91","191,69"
14/12/2021,"203,33","194,39"
13/12/2021,"205,17","195,55"
12/12/2021,"206,74","197,10"
11/12/2021,"206,74","197,10"
10/12/2021,"206,74","197,10"
09/12/2021,"211,49","195,98"
08/12/2021,"222,71","198,10"
07/12/2021,"222,71","198,10"
06/12/2021,"219,25","201,96"
05/12/2021,"219,17","203,25"
04/12/2021,"219,17","203,25"
03/12/2021,"219,17","203,25"
02/12/2021,"214,98","203,33"
01/12/2021,"223,99","200,60"
30/11/2021,"214,15","200,72"
29/11/2021,"215,64","196,94"
28/11/2021,"211,75","200,17"
27/11/2021,"211,75","200,17"
26/11/2021,"211,75","200,17"
25/11/2021,"215,82","203,55"
24/11/2021,"216,74","204,88"
23/11/2021,"218,25","205,82"
22/11/2021,"213,57","203,03"
21/11/2021,"213,57","203,03"
20/11/2021,"213,57","203,03"
19/11/2021,"213,57","203,03"
18/11/2021,"212,77","204,52"
17/11/2021,"208,78","200,00"
16/11/2021,"204,92","200,30"
15/11/2021,"189,04","188,78"
14/11/2021,"184,08","183,98"
13/11/2021,"184,08","183,98"
12/11/2021,"184,08","183,98"
11/11/2021,"183,33","183,23"
10/11/2021,"182,85","182,74"
09/11/2021,"182,56","182,46"
08/11/2021,"181,96","181,86"
07/11/2021,"181,36","181,26"
06/11/2021,"181,36","181,26"
05/11/2021,"181,36","181,26"
04/11/2021,"180,66","180,56"
03/11/2021,"180,17","180,07"
02/11/2021,"179,42","179,32"
01/11/2021,"179,32","179,22"
31/10/2021,"179,32","179,22"
30/10/2021,"179,32","179,22"
29/10/2021,"179,32","179,22"
28/10/2021,"179,33","179,23"
27/10/2021,"179,33","179,23"
26/10/2021,"179,34","179,24"
25/10/2021,"179,33","179,23"
24/10/2021,"179,33","179,23"
23/10/2021,"179,33","179,23"
22/10/2021,"179,33","179,23"
21/10/2021,"178,93","178,83"
20/10/2021,"178,70","178,60"
19/10/2021,"178,46","178,36"
18/10/2021,"178,12","178,02"
17/10/2021,"177,77","177,68"
16/10/2021,"177,77","177,68"
15/10/2021,"177,77","177,68"
14/10/2021,"177,53","177,43"
13/10/2021,"177,20","177,10"
12/10/2021,"176,87","176,78"
11/10/2021,"176,55","176,45"
10/10/2021,"176,55","176,45"
09/10/2021,"176,55","176,45"
08/10/2021,"176,55","176,45"
07/10/2021,"176,55","176,45"
06/10/2021,"176,43","176,33"
05/10/2021,"176,44","176,34"
04/10/2021,"175,98","175,89"
03/10/2021,"175,57","175,47"
02/10/2021,"175,57","175,47"
01/10/2021,"175,57","175,47"
30/09/2021,"175,12","175,03"
29/09/2021,"174,74","174,64"
28/09/2021,"174,50","174,41"
27/09/2021,"174,02","173,92"
26/09/2021,"173,51","173,42"
25/09/2021,"173,51","173,42"
24/09/2021,"173,51","173,42"
23/09/2021,"173,42","173,33"
22/09/2021,"173,13","172,99"
21/09/2021,"172,81","172,67"
20/09/2021,"172,81","172,68"
19/09/2021,"172,58","172,44"
18/09/2021,"172,58","172,44"
17/09/2021,"172,58","172,44"
16/09/2021,"172,45","172,32"
15/09/2021,"171,96","171,83"
14/09/2021,"171,57","171,44"
13/09/2021,"171,17","171,04"
12/09/2021,"170,78","170,65"
11/09/2021,"170,78","170,65"
10/09/2021,"170,78","170,65"
09/09/2021,"170,80","170,67"
08/09/2021,"170,82","170,68"
07/09/2021,"171,34","171,20"
06/09/2021,"170,95","170,82"
05/09/2021,"170,71","170,58"
04/09/2021,"170,71","170,58"
03/09/2021,"170,71","170,58"
02/09/2021,"170,72","170,58"
01/09/2021,"170,56","170,42"
31/08/2021,"170,40","170,26"
30/08/2021,"170,12","169,98"
29/08/2021,"169,87","169,97"
28/08/2021,"169,87","169,97"
27/08/2021,"169,87","169,97"
26/08/2021,"169,86","169,96"
25/08/2021,"169,62","169,66"
24/08/2021,"169,38","169,43"
23/08/2021,"167,55","169,46"
22/08/2021,"169,27","169,32"
21/08/2021,"169,27","169,32"
20/08/2021,"169,27","169,32"
19/08/2021,"168,64","169,36"
18/08/2021,"168,01","169,39"
17/08/2021,"167,27","169,41"
16/08/2021,"165,31","169,45"
15/08/2021,"165,31","169,45"
14/08/2021,"165,31","169,45"
13/08/2021,"165,31","169,45"
12/08/2021,"171,20","169,62"
11/08/2021,"171,13","170,03"
10/08/2021,"171,03","169,87"
09/08/2021,"170,97","169,94"
08/08/2021,"170,58","170,09"
07/08/2021,"170,58","170,09"
06/08/2021,"170,58","170,09"
05/08/2021,"170,47","169,93"
04/08/2021,"170,25","169,73"
03/08/2021,"170,14","169,57"
02/08/2021,"169,33","168,67"
01/08/2021,"168,85","168,19"
31/07/2021,"168,85","168,19"
30/07/2021,"168,85","168,19"
29/07/2021,"168,60","167,90"
28/07/2021,"168,60","167,90"
27/07/2021,"168,06","167,36"
26/07/2021,"167,51","166,81"
25/07/2021,"167,17","166,48"
24/07/2021,"167,17","166,48"
23/07/2021,"167,17","166,48"
22/07/2021,"166,94","166,39"
21/07/2021,"166,71","166,30"
20/07/2021,"166,48","166,07"
19/07/2021,"166,16","165,79"
18/07/2021,"166,16","165,50"
17/07/2021,"166,16","165,50"
16/07/2021,"166,16","165,50"
15/07/2021,"166,20","165,26"
14/07/2021,"166,24","165,29"
13/07/2021,"166,24","165,38"
12/07/2021,"166,73","166,05"
11/07/2021,"167,26","166,42"
10/07/2021,"167,26","166,42"
09/07/2021,"167,26","166,42"
08/07/2021,"167,26","166,42"
07/07/2021,"167,04","166,20"
06/07/2021,"166,82","165,98"
05/07/2021,"166,60","166,45"
04/07/2021,"166,40","166,35"
03/07/2021,"166,40","166,35"
02/07/2021,"166,40","166,35"
01/07/2021,"166,41","165,77"
30/06/2021,"165,92","163,57"
29/06/2021,"165,69","163,75"
28/06/2021,"164,86","162,78"
27/06/2021,"164,90","163,53"
26/06/2021,"164,90","163,53"
25/06/2021,"164,90","163,53"
24/06/2021,"163,94","162,03"
23/06/2021,"163,97","160,92"
22/06/2021,"163,98","160,63"
21/06/2021,"164,02","159,84"
20/06/2021,"164,02","159,84"
19/06/2021,"164,02","159,84"
18/06/2021,"164,02","159,84"
17/06/2021,"164,03","160,41"
16/06/2021,"164,08","159,19"
15/06/2021,"164,25","158,72"
14/06/2021,"164,39","157,95"
13/06/2021,"164,76","158,09"
12/06/2021,"164,76","158,09"
11/06/2021,"164,76","158,09"
10/06/2021,"165,03","159,07"
09/06/2021,"165,39","159,68"
08/06/2021,"165,63","160,48"
07/06/2021,"165,91","160,55"
06/06/2021,"166,20","160,86"
05/06/2021,"166,20","160,86"
04/06/2021,"166,20","160,86"
03/06/2021,"166,65","161,33"
02/06/2021,"167,05","161,71"
01/06/2021,"166,33","160,96"
31/05/2021,"165,72","160,23"
30/05/2021,"165,10","159,49"
29/05/2021,"165,10","159,49"
28/05/2021,"165,10","159,49"
27/05/2021,"164,53","158,72"
26/05/2021,"163,83","158,05"
25/05/2021,"162,87","158,37"
24/05/2021,"162,87","158,37"
23/05/2021,"162,87","158,37"
22/05/2021,"162,87","158,37"
21/05/2021,"162,87","158,37"
20/05/2021,"161,87","157,22"
19/05/2021,"161,17","156,49"
18/05/2021,"159,66","154,65"
17/05/2021,"159,66","154,65"
16/05/2021,"159,16","154,17"
15/05/2021,"159,16","154,17"
14/05/2021,"159,16","154,17"
13/05/2021,"158,67","153,71"
12/05/2021,"158,36","153,21"
11/05/2021,"157,93","153,16"
10/05/2021,"158,47","153,95"
09/05/2021,"158,00","154,40"
08/05/2021,"158,00","154,40"
07/05/2021,"158,00","154,40"
06/05/2021,"157,52","154,30"
05/05/2021,"157,05","153,82"
04/05/2021,"156,63","153,33"
03/05/2021,"156,24","152,96"
02/05/2021,"155,64","152,19"
01/05/2021,"155,64","152,19"
30/04/2021,"155,64","152,19"
29/04/2021,"155,42","152,20"
28/04/2021,"155,09","151,80"
27/04/2021,"154,78","151,49"
26/04/2021,"153,67","150,27"
25/04/2021,"153,15","148,36"
24/04/2021,"153,15","148,36"
23/04/2021,"153,15","148,36"
22/04/2021,"152,01","145,50"
21/04/2021,"153,20","145,44"
20/04/2021,"153,00","145,94"
19/04/2021,"152,44","144,37"
18/04/2021,"151,98","143,71"
17/04/2021,"151,98","143,71"
16/04/2021,"151,98","143,71"
15/04/2021,"151,62","143,65"
14/04/2021,"151,19","143,80"
13/04/2021,"150,76","142,79"
12/04/2021,"150,55","143,26"
11/04/2021,"149,86","144,38"
10/04/2021,"149,86","144,38"
09/04/2021,"149,86","144,38"
08/04/2021,"149,40","144,66"
07/04/2021,"148,94","143,77"
06/04/2021,"148,51","143,66"
05/04/2021,"147,96","141,81"
04/04/2021,"147,16","142,19"
03/04/2021,"147,16","142,19"
02/04/2021,"147,16","142,19"
01/04/2021,"147,16","142,19"
31/03/2021,"147,16","142,19"
30/03/2021,"146,50","140,39"
29/03/2021,"146,28","138,48"
28/03/2021,"146,01","138,45"
27/03/2021,"146,01","138,45"
26/03/2021,"146,01","138,45"
25/03/2021,"147,88","141,19"
24/03/2021,"148,77","142,78"
23/03/2021,"148,77","142,78"
22/03/2021,"148,91","143,15"
21/03/2021,"149,75","144,00"
20/03/2021,"149,75","144,00"
19/03/2021,"149,75","144,00"
18/03/2021,"149,68","144,71"
17/03/2021,"149,45","145,28"
16/03/2021,"149,24","144,60"
15/03/2021,"149,25","144,59"
14/03/2021,"148,78","144,84"
13/03/2021,"148,78","144,84"
12/03/2021,"148,78","144,84"
11/03/2021,"149,08","144,30"
10/03/2021,"148,92","144,43"
09/03/2021,"144,73","145,39"
08/03/2021,"147,73","145,87"
07/03/2021,"147,73","145,87"
06/03/2021,"147,73","145,87"
05/03/2021,"147,73","145,87"
04/03/2021,"147,25","145,11"
03/03/2021,"148,28","146,11"
02/03/2021,"147,31","146,13"
01/03/2021,"146,31","143,80"
28/02/2021,"145,32","141,92"
27/02/2021,"145,32","141,92"
26/02/2021,"145,32","141,92"
25/02/2021,"145,43","141,92"
24/02/2021,"144,46","140,94"
23/02/2021,"143,47","139,86"
22/02/2021,"142,51","138,79"
21/02/2021,"144,19","140,65"
20/02/2021,"144,19","140,65"
19/02/2021,"144,19","140,65"
18/02/2021,"145,82","141,77"
17/02/2021,"147,93","143,47"
16/02/2021,"151,61","147,65"
15/02/2021,"151,61","147,65"
14/02/2021,"151,61","147,65"
13/02/2021,"151,61","147,65"
12/02/2021,"151,61","147,65"
11/02/2021,"152,16","148,34"
10/02/2021,"152,14","149,75"
09/02/2021,"152,36","150,00"
08/02/2021,"147,14","149,60"
07/02/2021,"147,14","149,60"
06/02/2021,"147,14","149,60"
05/02/2021,"147,14","149,60"
04/02/2021,"152,27","149,84"
03/02/2021,"151,79","149,34"
02/02/2021,"151,46","148,83"
01/02/2021,"150,99","148,33"
31/01/2021,"150,52","147,88"
30/01/2021,"150,52","147,88"
29/01/2021,"150,52","147,88"
28/01/2021,"150,65","147,90"
27/01/2021,"150,16","147,38"
26/01/2021,"149,72","146,89"
25/01/2021,"149,27","146,38"
24/01/2021,"148,80","145,88"
23/01/2021,"148,80","145,88"
22/01/2021,"148,80","145,88"
21/01/2021,"148,88","145,96"
20/01/2021,"148,16","145,72"
19/01/2021,"147,88","145,48"
18/01/2021,"147,30","145,36"
17/01/2021,"146,29","145,39"
16/01/2021,"146,29","145,39"
15/01/2021,"146,29","145,39"
14/01/2021,"145,80","145,42"
13/01/2021,"144,83","144,72"
12/01/2021,"145,13","144,98"
11/01/2021,"145,95","145,80"
10/01/2021,"145,25","145,06"
09/01/2021,"145,25","145,06"
08/01/2021,"145,25","145,06"
07/01/2021,"145,29","145,84"
06/01/2021,"144,57","144,39"
05/01/2021,"143,91","143,55"
04/01/2021,"142,32","142,32"
03/01/2021,"140,26","139,99"
02/01/2021,"140,26","139,99"
01/01/2021,"140,26","139,99"
31/12/2020,"140,26","139,99"
30/12/2020,"140,26","139,99"
29/12/2020,"140,32","140,04"
28/12/2020,"140,34","140,00"
27/12/2020,"140,45","140,35"
26/12/2020,"140,45","140,35"
25/12/2020,"140,45","140,35"
24/12/2020,"140,45","140,35"
23/12/2020,"140,45","140,35"
22/12/2020,"140,77","140,04"
21/12/2020,"139,80","138,81"
20/12/2020,"142,03","140,73"
19/12/2020,"142,03","140,73"
18/12/2020,"142,03","140,73"
17/12/2020,"142,65","140,79"
16/12/2020,"142,70","141,26"
15/12/2020,"143,72","141,82"
14/12/2020,"142,88","140,29"
13/12/2020,"141,86","138,22"
12/12/2020,"141,86","138,22"
11/12/2020,"141,86","138,22"
10/12/2020,"141,86","138,22"
09/12/2020,"142,82","139,49"
08/12/2020,"144,90","142,05"
07/12/2020,"144,90","142,05"
06/12/2020,"144,90","142,05"
05/12/2020,"144,90","142,05"
04/12/2020,"144,90","142,05"
03/12/2020,"144,18","139,74"
02/12/2020,"148,27","144,36"
01/12/2020,"148,48","144,70"
30/11/2020,"148,04","144,55"
29/11/2020,"148,92","145,45"
28/11/2020,"148,92","145,45"
27/11/2020,"148,92","145,45"
26/11/2020,"149,27","146,59"
25/11/2020,"150,52","146,68"
24/11/2020,"150,99","147,88"
23/11/2020,"149,86","147,17"
22/11/2020,"149,86","147,17"
21/11/2020,"149,86","147,17"
20/11/2020,"149,86","147,17"
19/11/2020,"149,87","146,53"
18/11/2020,"149,10","145,95"
17/11/2020,"148,27","144,10"
16/11/2020,"147,44","142,82"
15/11/2020,"146,55","141,23"
14/11/2020,"146,55","141,23"
13/11/2020,"146,55","141,23"
12/11/2020,"145,67","141,50"
11/11/2020,"149,58","145,54"
10/11/2020,"146,39","141,43"
09/11/2020,"147,36","141,98"
08/11/2020,"146,99","141,58"
07/11/2020,"146,99","141,58"
06/11/2020,"146,99","141,58"
05/11/2020,"146,87","141,88"
04/11/2020,"145,39","139,75"
03/11/2020,"145,41","140,18"
02/11/2020,"145,41","139,23"
01/11/2020,"147,70","143,23"
31/10/2020,"147,70","143,23"
30/10/2020,"147,70","143,23"
29/10/2020,"151,22","144,04"
28/10/2020,"152,30","144,85"
27/10/2020,"162,60","152,98"
26/10/2020,"165,11","157,21"
25/10/2020,"168,83","155,17"
24/10/2020,"168,83","155,17"
23/10/2020,"168,83","155,17"
22/10/2020,"181,06","163,09"
21/10/2020,"174,80","162,66"
20/10/2020,"171,85","160,92"
19/10/2020,"165,01","153,40"
18/10/2020,"165,31","152,07"
17/10/2020,"165,31","152,07"
16/10/2020,"165,31","152,07"
15/10/2020,"168,60","154,97"
14/10/2020,"163,77","150,28"
13/10/2020,"156,27","144,95"
12/10/2020,"154,95","143,42"
11/10/2020,"154,95","143,42"
10/10/2020,"154,95","143,42"
09/10/2020,"154,95","143,42"
08/10/2020,"153,28","140,94"
07/10/2020,"150,39","138,97"
06/10/2020,"152,51","140,16"
05/10/2020,"149,55","140,79"
04/10/2020,"145,75","138,15"
03/10/2020,"145,75","138,15"
02/10/2020,"145,75","138,15"
01/10/2020,"145,89","139,04"
30/09/2020,"145,65","138,79"
29/09/2020,"148,50","138,80"
28/09/2020,"143,37","137,31"
27/09/2020,"143,54","135,29"
26/09/2020,"143,54","135,29"
25/09/2020,"143,54","135,29"
24/09/2020,"140,98","130,87"
23/09/2020,"148,65","134,69"
22/09/2020,"147,52","134,39"
21/09/2020,"139,84","130,98"
20/09/2020,"137,30","129,72"
19/09/2020,"137,30","129,72"
18/09/2020,"137,30","129,72"
17/09/2020,"132,40","126,33"
16/09/2020,"131,90","127,61"
15/09/2020,"128,29","122,06"
14/09/2020,"130,30","123,21"
13/09/2020,"126,36","125,17"
12/09/2020,"126,36","125,17"
11/09/2020,"126,36","125,17"
10/09/2020,"120,91","123,41"
09/09/2020,"120,22","119,67"
08/09/2020,"119,32","116,41"
07/09/2020,"125,88","117,84"
06/09/2020,"128,49","120,00"
05/09/2020,"128,49","120,00"
04/09/2020,"128,49","120,00"
03/09/2020,"123,81","119,51"
02/09/2020,"129,51","119,72"
01/09/2020,"130,78","117,64"
31/08/2020,"125,79","121,57"
30/08/2020,"125,84","121,73"
29/08/2020,"125,84","121,73"
28/08/2020,"125,84","121,73"
27/08/2020,"125,57","122,29"
26/08/2020,"128,42","125,16"
25/08/2020,"130,54","127,69"
24/08/2020,"132,95","130,33"
23/08/2020,"135,00","129,52"
22/08/2020,"135,00","129,52"
21/08/2020,"135,00","129,52"
20/08/2020,"132,94","129,42"
19/08/2020,"131,40","127,61"
18/08/2020,"129,06","125,69"
17/08/2020,"126,80","124,22"
16/08/2020,"126,80","124,22"
15/08/2020,"126,80","124,22"
14/08/2020,"126,80","124,22"
13/08/2020,"130,22","125,30"
12/08/2020,"130,05","125,73"
11/08/2020,"127,77","124,53"
10/08/2020,"128,35","125,84"
09/08/2020,"126,56","124,65"
08/08/2020,"126,56","124,65"
07/08/2020,"126,56","124,65"
06/08/2020,"123,53","121,68"
05/08/2020,"119,46","117,17"
04/08/2020,"119,18","116,28"
03/08/2020,"122,00","122,00"
02/08/2020,"124,10","122,21"
01/08/2020,"124,10","122,21"
31/07/2020,"124,10","122,21"
30/07/2020,"121,41","119,54"
29/07/2020,"118,26","116,72"
28/07/2020,"118,48","115,89"
27/07/2020,"117,98","115,67"
26/07/2020,"117,48","114,57"
25/07/2020,"117,48","114,57"
24/07/2020,"117,48","114,57"
23/07/2020,"114,39","111,78"
22/07/2020,"116,91","114,45"
21/07/2020,"118,89","116,07"
20/07/2020,"119,20","117,57"
19/07/2020,"117,86","115,39"
18/07/2020,"117,86","115,39"
17/07/2020,"117,86","115,39"
16/07/2020,"113,62","112,00"
15/07/2020,"113,37","112,02"
14/07/2020,"113,06","110,97"
13/07/2020,"111,73","109,73"
12/07/2020,"109,12","108,98"
11/07/2020,"109,12","108,98"
10/07/2020,"109,12","108,98"
09/07/2020,"109,12","108,98"
08/07/2020,"109,12","108,98"
07/07/2020,"109,48","108,58"
06/07/2020,"108,11","106,70"
05/07/2020,"108,55","105,79"
04/07/2020,"108,55","105,79"
03/07/2020,"108,55","105,79"
02/07/2020,"109,73","107,24"
01/07/2020,"108,10","105,50"
30/06/2020,"104,14","100,53"
29/06/2020,"104,07","100,39"
28/06/2020,"105,70","102,47"
27/06/2020,"105,70","102,47"
26/06/2020,"105,70","102,47"
25/06/2020,"106,10","104,21"
24/06/2020,"108,03","107,30"
23/06/2020,"108,58","107,67"
22/06/2020,"105,49","108,12"
21/06/2020,"110,00","109,53"
20/06/2020,"110,00","109,53"
19/06/2020,"110,00","109,53"
18/06/2020,"109,81","107,10"
17/06/2020,"107,68","104,96"
16/06/2020,"109,12","105,31"
15/06/2020,"109,27","106,59"
14/06/2020,"109,27","106,59"
13/06/2020,"109,27","106,59"
12/06/2020,"109,27","106,59"
11/06/2020,"112,27","107,49"
10/06/2020,"114,40","108,07"
09/06/2020,"116,08","108,73"
08/06/2020,"116,37","110,00"
07/06/2020,"115,34","109,86"
06/06/2020,"115,34","109,86"
05/06/2020,"115,34","109,86"
04/06/2020,"114,41","108,27"
03/06/2020,"114,71","107,91"
02/06/2020,"114,05","106,39"
01/06/2020,"114,08","108,77"
31/05/2020,"113,42","107,71"
30/05/2020,"113,42","107,71"
29/05/2020,"113,42","107,71"
28/05/2020,"112,69","109,41"
27/05/2020,"109,84","105,56"
26/05/2020,"110,64","106,32"
25/05/2020,"113,92","109,53"
24/05/2020,"113,92","109,53"
23/05/2020,"113,92","109,53"
22/05/2020,"113,92","109,53"
21/05/2020,"117,42","114,37"
20/05/2020,"119,51","114,84"
19/05/2020,"118,38","114,22"
18/05/2020,"118,78","115,54"
17/05/2020,"121,32","117,95"
16/05/2020,"121,32","117,95"
15/05/2020,"121,32","117,95"
14/05/2020,"122,83","119,36"
13/05/2020,"125,76","122,77"
12/05/2020,"121,96","119,31"
11/05/2020,"118,53","115,98"
10/05/2020,"115,35","112,98"
09/05/2020,"115,35","112,98"
08/05/2020,"115,35","112,98"
07/05/2020,"117,81","115,77"
06/05/2020,"118,43","115,88"
05/05/2020,"119,91","117,08"
04/05/2020,"112,56","110,19"
03/05/2020,"114,65","112,31"
02/05/2020,"114,65","112,31"
01/05/2020,"114,65","112,31"
30/04/2020,"114,65","112,31"
29/04/2020,"109,76","108,87"
28/04/2020,"119,64","116,95"
27/04/2020,"115,09","112,92"
26/04/2020,"112,02","108,35"
25/04/2020,"112,02","108,35"
24/04/2020,"112,02","108,35"
23/04/2020,"111,57","110,05"
22/04/2020,"111,11","109,18"
21/04/2020,"109,56","108,43"
20/04/2020,"105,27","104,23"
19/04/2020,"102,64","99,84"
18/04/2020,"102,64","99,84"
17/04/2020,"102,64","99,84"
16/04/2020,"102,10","103,37"
15/04/2020,"108,79","108,32"
14/04/2020,"107,42","106,26"
13/04/2020,"102,21","101,09"
12/04/2020,"94,69","94,27"
11/04/2020,"94,69","94,27"
10/04/2020,"94,69","94,27"
09/04/2020,"94,69","94,27"
08/04/2020,"94,69","94,27"
07/04/2020,"90,44","90,44"
06/04/2020,"90,78","89,57"
05/04/2020,"89,09","88,42"
04/04/2020,"89,09","88,42"
03/04/2020,"89,09","88,42"
02/04/2020,"88,81","87,78"
01/04/2020,"87,92","87,88"
31/03/2020,"86,92","85,96"
30/03/2020,"86,92","85,96"
29/03/2020,"86,49","85,42"
28/03/2020,"86,49","85,42"
27/03/2020,"86,49","85,42"
26/03/2020,"84,36","83,20"
25/03/2020,"87,99","86,79"
24/03/2020,"91,60","91,40"
23/03/2020,"91,60","91,40"
22/03/2020,"91,60","91,40"
21/03/2020,"91,60","91,40"
20/03/2020,"91,60","91,40"
19/03/2020,"89,53",
18/03/2020,"88,19",
17/03/2020,"89,31",
16/03/2020,"89,15",
13/03/2020,"89,04",
12/03/2020,"87,10",
11/03/2020,"84,85",
10/03/2020,"86,49",
09/03/2020,"83,22",
06/03/2020,"81,95",
05/03/2020,"81,55",
04/03/2020,"82,01",
03/03/2020,"82,48",
02/03/2020,"82,03",
28/02/2020,"80,56",
27/02/2020,"80,68",
26/02/2020,"80,57",
21/02/2020,"81,36",
20/02/2020,"81,74",
19/02/2020,"81,50",
18/02/2020,"82,92",
17/02/2020,"83,23",
14/02/2020,"83,45",
13/02/2020,"82,47",
12/02/2020,"83,74",
11/02/2020,"84,03",
10/02/2020,"84,62",
07/02/2020,"84,24",
06/02/2020,"84,83",
05/02/2020,"84,82",
04/02/2020,"84,45",
03/02/2020,"85,41",
31/01/2020,"84,88",
30/01/2020,"84,11",
29/01/2020,"84,63",
28/01/2020,"83,54",
27/01/2020,"83,29",
24/01/2020,"84,00",
23/01/2020,"81,64",
22/01/2020,"81,66",
21/01/2020,"81,05",
20/01/2020,"80,44",
17/01/2020,"81,81",
16/01/2020,"80,84",
15/01/2020,"81,09",
14/01/2020,"80,90",
13/01/2020,"79,61",
10/01/2020,"77,86",
09/01/2020,"78,27",
08/01/2020,"77,54",
07/01/2020,"77,87",
06/01/2020,"78,00",
03/01/2020,"75,06",
02/01/2020,"74,41",
30/12/2019,"73,55",
27/12/2019,"72,94",
26/12/2019,"73,43",
23/12/2019,"72,82",
20/12/2019,"72,63",
19/12/2019,"72,87",
18/12/2019,"74,18",
17/12/2019,"76,03",
16/12/2019,"74,07",
13/12/2019,"73,18",
12/12/2019,"75,96",
11/12/2019,"74,19",
10/12/2019,"76,60",
09/12/2019,"78,88",
06/12/2019,"79,13",
05/12/2019,"76,39",
04/12/2019,"74,64",
03/12/2019,"75,01",
02/12/2019,"74,33",
29/11/2019,"73,49",
28/11/2019,"72,84",
27/11/2019,"72,27",
26/11/2019,"74,82",
25/11/2019,"75,02",
22/11/2019,"75,02",
21/11/2019,"75,34",
20/11/2019,"75,84",
19/11/2019,"75,67",
15/11/2019,"76,77",
14/11/2019,"75,97",
13/11/2019,"78,11",
12/11/2019,"77,12",
11/11/2019,"78,20",
08/11/2019,"78,22",
07/11/2019,"78,49",
06/11/2019,"78,79",
05/11/2019,"79,03",
04/11/2019,"80,00",
01/11/2019,"79,97",
31/10/2019,"78,54",
30/10/2019,"75,70",
29/10/2019,"81,53",
28/10/2019,"81,08",
25/10/2019,"79,62",
24/10/2019,"77,38",
23/10/2019,"79,59",
22/10/2019,"75,17",
21/10/2019,"73,83",
18/10/2019,"73,83",
17/10/2019,"69,31",
16/10/2019,"68,65",
15/10/2019,"68,45",
11/10/2019,"68,23",
10/10/2019,"68,16",
09/10/2019,"67,34",
08/10/2019,"64,68",
07/10/2019,"66,97",
04/10/2019,"65,71",
03/10/2019,"67,91",
02/10/2019,"66,08",
01/10/2019,"63,31",
30/09/2019,"62,58",
27/09/2019,"64,09",
26/09/2019,"63,76",
25/09/2019,"65,93",
24/09/2019,"67,45",
23/09/2019,"68,29",
20/09/2019,"68,87",
19/09/2019,"69,40",
18/09/2019,"68,65",
17/09/2019,"69,03",
16/09/2019,"71,23",
13/09/2019,"68,78",
12/09/2019,"67,62",
11/09/2019,"66,24",
10/09/2019,"64,06",
09/09/2019,"64,74",
06/09/2019,"61,96",
05/09/2019,"61,80",
04/09/2019,"62,06",
03/09/2019,"61,87",
02/09/2019,"65,22",
30/08/2019,"59,68",
29/08/2019,"60,87",
28/08/2019,"57,15",
27/08/2019,"55,94",
26/08/2019,"55,56",
23/08/2019,"55,32",
22/08/2019,"55,56",
21/08/2019,"56,23",
20/08/2019,"56,87",
16/08/2019,"58,15",
15/08/2019,"60,95",
14/08/2019,"57,50",
13/08/2019,"55,39",
12/08/2019,"46,19",
09/08/2019,"45,51",
08/08/2019,"45,66",
07/08/2019,"45,78",
06/08/2019,"45,75",
05/08/2019,"45,04",
02/08/2019,"44,78",
01/08/2019,"44,78",
31/07/2019,"44,04",
30/07/2019,"43,88",
29/07/2019,"43,51",
26/07/2019,"43,79",
25/07/2019,"43,41",
24/07/2019,"42,98",
23/07/2019,"42,47",
22/07/2019,"42,62",
19/07/2019,"42,62",
18/07/2019,"42,64",
17/07/2019,"42,82",
16/07/2019,"42,44",
15/07/2019,"41,94",
12/07/2019,"41,92",
11/07/2019,"41,95",
10/07/2019,"42,21",
05/07/2019,"42,29",
03/07/2019,"42,25",
02/07/2019,"42,46",
01/07/2019,"43,05",
28/06/2019,"43,07",
27/06/2019,"42,74",
26/06/2019,"42,60",
25/06/2019,"42,68",
24/06/2019,"43,02",
21/06/2019,"43,50",
19/06/2019,"43,72",
18/06/2019,"44,26",
14/06/2019,"43,56",
13/06/2019,"42,93",
12/06/2019,"44,10",
11/06/2019,"44,78",
10/06/2019,"44,96",
07/06/2019,"44,95",
06/06/2019,"44,74",
05/06/2019,"44,49",
04/06/2019,"44,87",
03/06/2019,"44,84",
31/05/2019,"44,86",
30/05/2019,"44,78",
29/05/2019,"44,88",
28/05/2019,"45,16",
24/05/2019,"45,31",
23/05/2019,"44,92",
22/05/2019,"44,92",
21/05/2019,"45,40",
20/05/2019,"45,31",
17/05/2019,"45,12",
16/05/2019,"44,97",
15/05/2019,"45,85",
14/05/2019,"45,36",
13/05/2019,"45,07",
10/05/2019,"45,24",
09/05/2019,"45,42",
08/05/2019,"45,43",
07/05/2019,"44,93",
06/05/2019,"44,66",
03/05/2019,"44,99",
02/05/2019,"44,38",
30/04/2019,"46,46",
29/04/2019,"46,46",
26/04/2019,"45,10",
25/04/2019,"44,54",
24/04/2019,"42,43",
23/04/2019,"42,68",
22/04/2019,"42,36",
17/04/2019,"43,06",
16/04/2019,"41,77",
15/04/2019,"42,26",
12/04/2019,"42,97",
11/04/2019,"43,05",
10/04/2019,"43,41",
09/04/2019,"43,49",
08/04/2019,"43,49",
05/04/2019,"43,40",
04/04/2019,"42,71",
03/04/2019,"43,27",
01/04/2019,"43,53",
29/03/2019,"43,67",
28/03/2019,"43,92",
27/03/2019,"42,58",
26/03/2019,"42,04",
25/03/2019,"42,07",
22/03/2019,"40,96",
21/03/2019,"40,74",
20/03/2019,"40,31",
19/03/2019,"40,02",
18/03/2019,"40,13",
15/03/2019,"40,80",
14/03/2019,"41,27",
13/03/2019,"41,39",
12/03/2019,"41,32",
11/03/2019,"41,43",
08/03/2019,"42,80",
07/03/2019,"40,76",
06/03/2019,"40,31",
01/03/2019,"39,35",
28/02/2019,"39,04",
27/02/2019,"39,09",
26/02/2019,"39,19",
25/02/2019,"39,34",
22/02/2019,"39,76",
21/02/2019,"39,96",
20/02/2019,"39,96",
19/02/2019,"39,32",
15/02/2019,"38,35",
14/02/2019,"38,23",
13/02/2019,"38,02",
12/02/2019,"38,05",
11/02/2019,"37,85",
08/02/2019,"37,76",
07/02/2019,"37,48",
06/02/2019,"37,15",
05/02/2019,"37,13",
04/02/2019,"37,31",
01/02/2019,"37,45",
31/01/2019,"37,41",
30/01/2019,"37,50",
29/01/2019,"37,08",
28/01/2019,"37,01",
25/01/2019,"37,48",
24/01/2019,"37,63",
23/01/2019,"37,63",
22/01/2019,"37,78",
18/01/2019,"37,90",
17/01/2019,"37,62",
16/01/2019,"37,09",
15/01/2019,"36,89",
14/01/2019,"37,09",
11/01/2019,"37,24",
10/01/2019,"37,46",
09/01/2019,"37,51",
08/01/2019,"37,50",
07/01/2019,"37,47",
04/01/2019,"37,61",
03/01/2019,"37,81",
02/01/2019,"37,81",
28/12/2018,"38,54",
27/12/2018,"38,46",
26/12/2018,"38,10",
21/12/2018,"38,59",
20/12/2018,"38,61",
19/12/2018,"38,49",
18/12/2018,"38,57",
17/12/2018,"38,57",
14/12/2018,"37,84",
13/12/2018,"37,59",
12/12/2018,"37,65",
11/12/2018,"37,65",
10/12/2018,"37,64",
07/12/2018,"38,03",
06/12/2018,"37,40",
04/12/2018,"36,61",
03/12/2018,"37,69",
29/11/2018,"38,58",
28/11/2018,"38,59",
27/11/2018,"38,72",
26/11/2018,"37,81",
23/11/2018,"36,23",
21/11/2018,"36,23",
20/11/2018,"36,01",
16/11/2018,"36,08",
15/11/2018,"36,08",
14/11/2018,"35,44",
13/11/2018,"35,44",
12/11/2018,"35,60",
09/11/2018,"35,71",
08/11/2018,"35,75",
07/11/2018,"35,72",
06/11/2018,"35,72",
05/11/2018,"35,57",
02/11/2018,"35,94",
01/11/2018,"35,85",
31/10/2018,"36,68",
30/10/2018,"37,08",
29/10/2018,"36,81",
26/10/2018,"36,91",
25/10/2018,"37,35",
24/10/2018,"36,90",
23/10/2018,"36,68",
22/10/2018,"36,62",
19/10/2018,"36,83",
18/10/2018,"36,31",
17/10/2018,"36,20",
16/10/2018,"37,14",
12/10/2018,"36,87",
11/10/2018,"37,51",
10/10/2018,"37,08",
09/10/2018,"37,42",
08/10/2018,"37,82",
04/10/2018,"37,73",
03/10/2018,"38,15",
02/10/2018,"39,53",
01/10/2018,"41,41",
28/09/2018,"39,77",
27/09/2018,"38,48",
26/09/2018,"38,38",
25/09/2018,"37,48",
24/09/2018,"37,31",
21/09/2018,"38,17",
20/09/2018,"39,50",
19/09/2018,"40,14",
18/09/2018,"39,80",
17/09/2018,"40,07",
14/09/2018,"39,91",
13/09/2018,"38,64",
12/09/2018,"38,19",
11/09/2018,"37,60",
10/09/2018,"37,19",
07/09/2018,"37,72",
06/09/2018,"37,72",
05/09/2018,"39,19",
04/09/2018,"37,87",
31/08/2018,"39,50",
30/08/2018,"33,76",
29/08/2018,"31,81",
28/08/2018,"31,17",
27/08/2018,"30,94",
24/08/2018,"30,56",
23/08/2018,"30,32",
22/08/2018,"30,06",
21/08/2018,"30,05",
17/08/2018,"30,03",
16/08/2018,"30,33",
15/08/2018,"29,90",
14/08/2018,"30,21",
13/08/2018,"29,55",
10/08/2018,"28,10",
09/08/2018,"27,65",
08/08/2018,"27,28",
07/08/2018,"27,31",
06/08/2018,"27,30",
03/08/2018,"27,43",
02/08/2018,"27,64",
01/08/2018,"27,45",
31/07/2018,"27,33",
30/07/2018,"27,37",
27/07/2018,"27,47",
26/07/2018,"27,40",
25/07/2018,"27,48",
24/07/2018,"27,73",
23/07/2018,"27,69",
20/07/2018,"27,74",
19/07/2018,"27,72",
18/07/2018,"27,62",
17/07/2018,"27,31",
16/07/2018,"27,28",
13/07/2018,"27,28",
12/07/2018,"27,43",
11/07/2018,"27,29",
10/07/2018,"28,05",
06/07/2018,"28,27",
05/07/2018,"27,98",
03/07/2018,"28,67",
02/07/2018,"28,64",
29/06/2018,"28,23",
28/06/2018,"27,29",
27/06/2018,"27,29",
26/06/2018,"27,19",
25/06/2018,"27,36",
22/06/2018,"28,07",
21/06/2018,"28,23",
19/06/2018,"27,60",
18/06/2018,"28,51",
15/06/2018,"28,18",
14/06/2018,"26,27",
13/06/2018,"26,70",
12/06/2018,"26,05",
11/06/2018,"25,49",
08/06/2018,"25,03",
07/06/2018,"25,05",
06/06/2018,"25,12",
05/06/2018,"24,99",
04/06/2018,"25,17",
01/06/2018,"25,02",
31/05/2018,"24,96",
30/05/2018,"24,93",
29/05/2018,"24,74",
24/05/2018,"24,42",
23/05/2018,"24,32",
22/05/2018,"24,49",
21/05/2018,"24,91",
18/05/2018,"24,91",
17/05/2018,"24,91",
16/05/2018,"24,80",
15/05/2018,"25,73",
14/05/2018,"24,13",
11/05/2018,"22,60",
10/05/2018,"22,68",
09/05/2018,"22,38",
08/05/2018,"22,38",
07/05/2018,"22,03",
04/05/2018,"22,75",
03/05/2018,"21,29",
02/05/2018,"20,66",
27/04/2018,"20,83",
26/04/2018,"20,22",
25/04/2018,"20,23",
24/04/2018,"20,26",
23/04/2018,"20,24",
20/04/2018,"20,23",
19/04/2018,"20,14",
18/04/2018,"20,19",
17/04/2018,"20,18",
16/04/2018,"20,21",
13/04/2018,"20,19",
12/04/2018,"20,19",
11/04/2018,"20,20",
10/04/2018,"20,30",
09/04/2018,"20,25",
06/04/2018,"20,22",
05/04/2018,"20,21",
04/04/2018,"20,18",
03/04/2018,"20,20",
28/03/2018,"20,15",
27/03/2018,"20,19",
26/03/2018,"20,29",
23/03/2018,"20,30",
22/03/2018,"20,29",
21/03/2018,"20,27",
20/03/2018,"20,13",
19/03/2018,"20,23",
16/03/2018,"20,29",
15/03/2018,"20,22",
14/03/2018,"20,25",
13/03/2018,"20,29",
12/03/2018,"20,32",
09/03/2018,"20,45",
08/03/2018,"20,42",
07/03/2018,"20,41",
06/03/2018,"20,33",
05/03/2018,"20,43",
02/03/2018,"20,38",
01/03/2018,"20,16",
28/02/2018,"20,31",
27/02/2018,"20,32",
26/02/2018,"20,03",
23/02/2018,"20,06",
22/02/2018,"20,01",
21/02/2018,"19,98",
20/02/2018,"20,11",
16/02/2018,"20,03",
15/02/2018,"20,15",
14/02/2018,"20,03",
09/02/2018,"20,00",
08/02/2018,"19,70",
07/02/2018,"19,58",
06/02/2018,"19,48",
05/02/2018,"19,51",
02/02/2018,"19,49",
01/02/2018,"19,70",
31/01/2018,"19,68",
30/01/2018,"19,62",
29/01/2018,"19,62",
26/01/2018,"19,64",
25/01/2018,"19,64",
24/01/2018,"19,38",
23/01/2018,"19,17",
22/01/2018,"19,02",
19/01/2018,"18,95",
18/01/2018,"18,94",
17/01/2018,"19,05",
16/01/2018,"18,78",
12/01/2018,"18,83",
11/01/2018,"18,64",
10/01/2018,"18,98",
09/01/2018,"19,12",
08/01/2018,"18,89",
05/01/2018,"18,82",
04/01/2018,"18,53",
03/01/2018,"18,38",
02/01/2018,"18,72",
29/12/2017,"18,93",
28/12/2017,"18,38",
27/12/2017,"18,31",
26/12/2017,"18,06",
22/12/2017,"17,97",
21/12/2017,"17,78",
20/12/2017,"17,84",
19/12/2017,"17,76",
18/12/2017,"17,72",
15/12/2017,"17,52",
14/12/2017,"17,38",
13/12/2017,"17,29",
12/12/2017,"17,29",
11/12/2017,"17,32",
07/12/2017,"17,31",
06/12/2017,"17,34",
05/12/2017,"17,37",
04/12/2017,"17,29",
01/12/2017,"17,42",
30/11/2017,"17,43",
29/11/2017,"17,43",
28/11/2017,"17,44",
27/11/2017,"17,50",
24/11/2017,"17,47",
22/11/2017,"17,57",
21/11/2017,"17,64",
17/11/2017,"17,68",
16/11/2017,"17,57",
15/11/2017,"17,51",
14/11/2017,"17,54",
13/11/2017,"17,40",
10/11/2017,"17,49",
09/11/2017,"17,53",
08/11/2017,"17,60",
07/11/2017,"17,67",
03/11/2017,"17,52",
02/11/2017,"17,60",
01/11/2017,"17,70",
31/10/2017,"17,73",
30/10/2017,"17,63",
27/10/2017,"17,73",
26/10/2017,"17,45",
25/10/2017,"17,48",
24/10/2017,"17,49",
23/10/2017,"17,49",
20/10/2017,"17,45",
19/10/2017,"17,38",
18/10/2017,"17,49",
17/10/2017,"17,55",
13/10/2017,"17,51",
12/10/2017,"17,54",
11/10/2017,"17,51",
10/10/2017,"17,55",
09/10/2017,"17,50",
06/10/2017,"17,44",
05/10/2017,"17,44",
04/10/2017,"17,53",
03/10/2017,"17,45",
02/10/2017,"17,41",
29/09/2017,"17,60",
28/09/2017,"17,57",
27/09/2017,"17,58",
26/09/2017,"17,55",
25/09/2017,"17,39",
22/09/2017,"17,33",
21/09/2017,"17,26",
20/09/2017,"17,19",
19/09/2017,"17,19",
18/09/2017,"17,04",
15/09/2017,"17,02",
14/09/2017,"17,12",
13/09/2017,"17,10",
12/09/2017,"17,20",
11/09/2017,"17,22",
08/09/2017,"17,25",
07/09/2017,"17,27",
06/09/2017,"17,34",
05/09/2017,"17,32",
01/09/2017,"17,40",
31/08/2017,"17,50",
30/08/2017,"17,39",
29/08/2017,"17,25",
28/08/2017,"17,24",
25/08/2017,"17,24",
24/08/2017,"17,37",
23/08/2017,"17,25",
22/08/2017,"17,30",
18/08/2017,"17,35",
17/08/2017,"17,26",
16/08/2017,"17,12",
15/08/2017,"17,21",
14/08/2017,"17,91",
11/08/2017,"17,78",
10/08/2017,"17,81",
09/08/2017,"17,83",
08/08/2017,"17,80",
07/08/2017,"17,71",
04/08/2017,"17,72",
03/08/2017,"17,64",
02/08/2017,"17,72",
01/08/2017,"17,72",
31/07/2017,"17,87",
28/07/2017,"17,81",
27/07/2017,"17,54",
26/07/2017,"17,59",
25/07/2017,"17,56",
24/07/2017,"17,55",
21/07/2017,"17,32",
20/07/2017,"17,22",
19/07/2017,"17,21",
18/07/2017,"17,00",
17/07/2017,"16,96",
14/07/2017,"17,09",
13/07/2017,"17,11",
12/07/2017,"17,14",
11/07/2017,"17,02",
10/07/2017,"16,94",
07/07/2017,"16,96",
06/07/2017,"17,09",
05/07/2017,"16,84",
03/07/2017,"16,64",
30/06/2017,"16,45",
29/06/2017,"16,41",
28/06/2017,"16,32",
27/06/2017,"16,37",
26/06/2017,"16,25",
23/06/2017,"16,15",
22/06/2017,"16,16",
21/06/2017,"16,13",
19/06/2017,"16,07",
16/06/2017,"16,00",
15/06/2017,"15,94",
14/06/2017,"15,87",
13/06/2017,"15,90",
12/06/2017,"15,90",
09/06/2017,"15,97",
08/06/2017,"16,10",
07/06/2017,"16,15",
06/06/2017,"16,11",
05/06/2017,"16,11",
02/06/2017,"16,10",
01/06/2017,"16,20",
31/05/2017,"16,22",
30/05/2017,"16,09",
26/05/2017,"16,22",
24/05/2017,"16,20",
23/05/2017,"16,21",
22/05/2017,"15,92",
19/05/2017,"15,90",
18/05/2017,"15,67",
17/05/2017,"15,63",
16/05/2017,"15,59",
15/05/2017,"15,53",
12/05/2017,"15,50",
11/05/2017,"15,50",
10/05/2017,"15,56",
09/05/2017,"15,46",
08/05/2017,"15,34",
05/05/2017,"15,39",
04/05/2017,"15,35",
03/05/2017,"15,32",
02/05/2017,"15,45",
28/04/2017,"15,48",
27/04/2017,"15,51",
26/04/2017,"15,43",
25/04/2017,"15,47",
24/04/2017,"15,53",
21/04/2017,"15,47",
20/04/2017,"15,76",
19/04/2017,"15,65",
18/04/2017,"15,48",
17/04/2017,"15,48",
12/04/2017,"15,48",
11/04/2017,"15,43",
10/04/2017,"15,46",
07/04/2017,"15,51",
06/04/2017,"15,48",
05/04/2017,"15,49",
04/04/2017,"15,49",
03/04/2017,"15,51",
31/03/2017,"15,49",
30/03/2017,"15,50",
29/03/2017,"15,59",
28/03/2017,"15,63",
27/03/2017,"15,61",
23/03/2017,"15,62",
22/03/2017,"15,63",
21/03/2017,"15,67",
20/03/2017,"15,57",
17/03/2017,"15,59",
16/03/2017,"15,63",
15/03/2017,"15,56",
14/03/2017,"15,53",
13/03/2017,"15,57",
10/03/2017,"15,62",
09/03/2017,"15,69",
08/03/2017,"15,64",
07/03/2017,"15,53",
06/03/2017,"15,58",
03/03/2017,"15,53",
02/03/2017,"15,53",
01/03/2017,"15,59",
24/02/2017,"15,62",
23/02/2017,"15,68",
22/02/2017,"15,68",
21/02/2017,"15,73",
17/02/2017,"15,49",
16/02/2017,"15,48",
15/02/2017,"15,56",
14/02/2017,"15,57",
13/02/2017,"15,60",
10/02/2017,"15,63",
09/02/2017,"15,73",
08/02/2017,"15,74",
07/02/2017,"15,79",
06/02/2017,"15,73",
03/02/2017,"15,84",
02/02/2017,"15,85",
01/02/2017,"15,96",
31/01/2017,"16,01",
30/01/2017,"16,01",
27/01/2017,"16,00",
26/01/2017,"16,00",
25/01/2017,"15,96",
24/01/2017,"15,93",
23/01/2017,"15,97",
20/01/2017,"15,96",
19/01/2017,"16,00",
18/01/2017,"16,02",
17/01/2017,"15,92",
13/01/2017,"15,84",
12/01/2017,"15,82",
11/01/2017,"15,89",
10/01/2017,"16,00",
09/01/2017,"15,91",
06/01/2017,"16,06",
05/01/2017,"16,03",
04/01/2017,"16,02",
03/01/2017,"16,09",
29/12/2016,"15,87",
28/12/2016,"15,73",
27/12/2016,"15,71",
23/12/2016,"15,87",
22/12/2016,"16,01",
21/12/2016,"15,96",
20/12/2016,"15,98",
19/12/2016,"16,09",
16/12/2016,"16,05",
15/12/2016,"16,06",
14/12/2016,"16,09",
13/12/2016,"16,12",
12/12/2016,"16,07",
07/12/2016,"15,98",
06/12/2016,"16,07",
05/12/2016,"16,02",
02/12/2016,"15,86",
01/12/2016,"15,96",
30/11/2016,"15,79",
29/11/2016,"15,65",
23/11/2016,"15,58",
22/11/2016,"15,53",
21/11/2016,"15,60",
18/11/2016,"15,62",
17/11/2016,"15,65",
16/11/2016,"15,61",
15/11/2016,"15,77",
14/11/2016,"15,47",
11/11/2016,"15,10",
10/11/2016,"15,02",
09/11/2016,"15,05",
08/11/2016,"15,16",
07/11/2016,"15,13",
04/11/2016,"15,17",
03/11/2016,"15,19",
02/11/2016,"15,16",
01/11/2016,"15,23",
31/10/2016,"15,29",
28/10/2016,"15,24",
27/10/2016,"15,26",
26/10/2016,"15,26",
25/10/2016,"15,20",
24/10/2016,"15,22",
21/10/2016,"15,26",
20/10/2016,"15,28",
19/10/2016,"15,25",
18/10/2016,"15,25",
17/10/2016,"15,16",
14/10/2016,"15,21",
13/10/2016,"15,20",
12/10/2016,"15,26",
11/10/2016,"15,28",
07/10/2016,"15,26",
06/10/2016,"15,24",
05/10/2016,"15,24",
04/10/2016,"15,22",
03/10/2016,"15,28",
30/09/2016,"15,39",
29/09/2016,"15,41",
28/09/2016,"15,35",
27/09/2016,"15,22",
26/09/2016,"15,20",
23/09/2016,"15,23",
22/09/2016,"15,24",
21/09/2016,"15,24",
20/09/2016,"15,26",
19/09/2016,"15,17",
16/09/2016,"15,10",
15/09/2016,"15,10",
14/09/2016,"15,06",
13/09/2016,"15,04",
12/09/2016,"15,01",
09/09/2016,"15,04",
08/09/2016,"15,13",
07/09/2016,"15,08",
06/09/2016,"15,06",
02/09/2016,"14,95",
01/09/2016,"14,99",
31/08/2016,"15,10",
30/08/2016,"15,20",
29/08/2016,"15,05",
26/08/2016,"14,99",
25/08/2016,"14,91",
24/08/2016,"14,87",
23/08/2016,"14,88",
22/08/2016,"14,93",
19/08/2016,"14,95",
18/08/2016,"14,83",
17/08/2016,"14,76",
16/08/2016,"14,77",
12/08/2016,"14,77",
11/08/2016,"14,85",
10/08/2016,"14,85",
09/08/2016,"14,85",
08/08/2016,"14,97",
05/08/2016,"15,04",
04/08/2016,"14,96",
03/08/2016,"14,93",
02/08/2016,"15,03",
01/08/2016,"15,08",
29/07/2016,"15,11",
28/07/2016,"15,10",
27/07/2016,"15,03",
26/07/2016,"15,07",
25/07/2016,"15,06",
22/07/2016,"15,16",
21/07/2016,"15,18",
20/07/2016,"15,17",
19/07/2016,"15,27",
18/07/2016,"15,03",
15/07/2016,"14,83",
14/07/2016,"14,72",
13/07/2016,"14,68",
12/07/2016,"14,79",
11/07/2016,"14,89",
07/07/2016,"14,95",
06/07/2016,"14,98",
05/07/2016,"15,22",
01/07/2016,"15,32",
30/06/2016,"15,20",
29/06/2016,"15,14",
28/06/2016,"15,40",
27/06/2016,"14,97",
24/06/2016,"14,60",
23/06/2016,"14,28",
22/06/2016,"14,11",
21/06/2016,"14,03",
16/06/2016,"13,87",
15/06/2016,"13,92",
14/06/2016,"13,91",
13/06/2016,"13,88",
10/06/2016,"13,88",
09/06/2016,"13,91",
08/06/2016,"13,98",
07/06/2016,"13,93",
06/06/2016,"13,98",
03/06/2016,"14,03",
02/06/2016,"14,10",
01/06/2016,"14,14",
31/05/2016,"14,05",
27/05/2016,"14,05",
26/05/2016,"14,07",
24/05/2016,"13,97",
23/05/2016,"14,05",
20/05/2016,"14,01",
19/05/2016,"14,03",
18/05/2016,"14,10",
17/05/2016,"14,17",
16/05/2016,"14,17",
13/05/2016,"14,15",
12/05/2016,"14,15",
11/05/2016,"14,23",
10/05/2016,"14,23",
09/05/2016,"14,16",
06/05/2016,"14,19",
05/05/2016,"13,96",
04/05/2016,"14,26",
03/05/2016,"14,24",
02/05/2016,"14,34",
29/04/2016,"14,26",
28/04/2016,"14,25",
27/04/2016,"14,37",
26/04/2016,"14,42",
25/04/2016,"14,47",
22/04/2016,"14,51",
21/04/2016,"14,39",
20/04/2016,"14,41",
19/04/2016,"14,24",
18/04/2016,"14,29",
15/04/2016,"14,51",
14/04/2016,"14,27",
13/04/2016,"14,52",
12/04/2016,"14,61",
11/04/2016,"14,56",
08/04/2016,"14,61",
07/04/2016,"14,75",
06/04/2016,"14,79",
05/04/2016,"14,86",
04/04/2016,"14,86",
01/04/2016,"14,82",
31/03/2016,"14,79",
30/03/2016,"14,75",
29/03/2016,"14,74",
28/03/2016,"14,50",
23/03/2016,"14,46",
22/03/2016,"14,56",
21/03/2016,"14,76",
18/03/2016,"14,88",
17/03/2016,"14,72",
16/03/2016,"14,64",
15/03/2016,"14,81",
14/03/2016,"14,95",
11/03/2016,"15,34",
10/03/2016,"15,35",
09/03/2016,"15,41",
08/03/2016,"15,48",
07/03/2016,"15,46",
04/03/2016,"15,49",
03/03/2016,"15,76",
02/03/2016,"16,03",
01/03/2016,"15,90",
29/02/2016,"15,57",
26/02/2016,"15,45",
25/02/2016,"15,54",
24/02/2016,"15,52",
23/02/2016,"15,32",
22/02/2016,"15,20",
19/02/2016,"15,28",
18/02/2016,"15,36",
17/02/2016,"15,35",
16/02/2016,"15,18",
12/02/2016,"14,95",
11/02/2016,"14,85",
10/02/2016,"14,63",
05/02/2016,"14,51",
04/02/2016,"14,41",
03/02/2016,"14,33",
02/02/2016,"14,40",
01/02/2016,"14,24",
29/01/2016,"13,98",
28/01/2016,"14,00",
27/01/2016,"14,00",
26/01/2016,"14,02",
25/01/2016,"14,14",
22/01/2016,"13,74",
21/01/2016,"13,86",
20/01/2016,"13,90",
19/01/2016,"13,78",
15/01/2016,"13,71",
14/01/2016,"13,83",
13/01/2016,"13,97",
12/01/2016,"14,19",
11/01/2016,"14,47",
08/01/2016,"14,54",
07/01/2016,"14,16",
06/01/2016,"14,20",
05/01/2016,"13,66",
04/01/2016,"13,69",
30/12/2015,"14,14",
29/12/2015,"14,34",
28/12/2015,"14,33",
23/12/2015,"13,90",
22/12/2015,"13,74",
21/12/2015,"13,93",
18/12/2015,"14,02",
17/12/2015,"14,26",
16/12/2015,"14,53",
15/12/2015,"14,88",
14/12/2015,"15,13",
11/12/2015,"15,35",
10/12/2015,"15,17",
09/12/2015,"15,13",
04/12/2015,"14,79",
03/12/2015,"14,73",
02/12/2015,"14,68",
01/12/2015,"14,47",
30/11/2015,"14,51",
25/11/2015,"14,40",
24/11/2015,"14,60",
23/11/2015,"14,86",
20/11/2015,"14,89",
19/11/2015,"14,86",
18/11/2015,"14,92",
17/11/2015,"14,77",
16/11/2015,"14,46",
13/11/2015,"14,37",
12/11/2015,"14,25",
11/11/2015,"14,37",
10/11/2015,"14,29",
09/11/2015,"13,86",
05/11/2015,"13,74",
04/11/2015,"13,77",
03/11/2015,"13,74",
02/11/2015,"13,69",
30/10/2015,"13,66",
29/10/2015,"13,70",
28/10/2015,"13,57",
27/10/2015,"14,04",
26/10/2015,"14,12",
23/10/2015,"14,11",
22/10/2015,"14,04",
21/10/2015,"13,94",
20/10/2015,"14,05",
19/10/2015,"13,97",
16/10/2015,"13,80",
15/10/2015,"13,67",
14/10/2015,"13,85",
13/10/2015,"13,95",
09/10/2015,"13,87",
08/10/2015,"13,94",
07/10/2015,"13,99",
06/10/2015,"14,02",
05/10/2015,"13,90",
02/10/2015,"13,70",
01/10/2015,"13,93",
30/09/2015,"13,94",
29/09/2015,"13,87",
28/09/2015,"13,83",
25/09/2015,"13,34",
24/09/2015,"13,30",
23/09/2015,"13,20",
22/09/2015,"14,15",
21/09/2015,"14,17",
18/09/2015,"14,13",
17/09/2015,"14,13",
16/09/2015,"14,12",
15/09/2015,"14,13",
14/09/2015,"14,10",
11/09/2015,"14,09",
10/09/2015,"14,04",
09/09/2015,"14,07",
08/09/2015,"13,95",
04/09/2015,"13,95",
03/09/2015,"14,08",
02/09/2015,"13,97",
01/09/2015,"13,91",
31/08/2015,"13,89",
28/08/2015,"13,98",
27/08/2015,"13,74",
26/08/2015,"13,80",
25/08/2015,"13,51",
24/08/2015,"13,52",
21/08/2015,"13,46",
20/08/2015,"13,42",
19/08/2015,"13,43",
18/08/2015,"13,44",
14/08/2015,"13,43",
13/08/2015,"13,43",
12/08/2015,"13,41",
11/08/2015,"13,35",
10/08/2015,"13,37",
07/08/2015,"13,33",
06/08/2015,"13,34",
05/08/2015,"13,40",
04/08/2015,"13,45",
03/08/2015,"13,31",
31/07/2015,"13,28",
30/07/2015,"13,24",
29/07/2015,"13,25",
28/07/2015,"13,14",
27/07/2015,"13,14",
24/07/2015,"13,34",
23/07/2015,"13,33",
22/07/2015,"13,58",
21/07/2015,"13,72",
20/07/2015,"13,34",
17/07/2015,"13,26",
16/07/2015,"13,29",
15/07/2015,"13,35",
14/07/2015,"13,27",
13/07/2015,"13,34",
10/07/2015,"13,35",
08/07/2015,"13,28",
07/07/2015,"13,26",
06/07/2015,"13,19",
02/07/2015,"13,38",
01/07/2015,"13,14",
30/06/2015,"12,87",
29/06/2015,"12,86",
26/06/2015,"12,68",
25/06/2015,"12,48",
24/06/2015,"12,36",
23/06/2015,"12,47",
22/06/2015,"12,37",
19/06/2015,"12,43",
18/06/2015,"12,20",
17/06/2015,"12,07",
16/06/2015,"11,86",
15/06/2015,"11,96",
12/06/2015,"11,74",
11/06/2015,"11,70",
10/06/2015,"11,75",
09/06/2015,"11,64",
08/06/2015,"11,65",
05/06/2015,"11,61",
04/06/2015,"11,67",
03/06/2015,"11,72",
02/06/2015,"11,66",
01/06/2015,"11,68",
29/05/2015,"11,71",
28/05/2015,"11,69",
27/05/2015,"11,70",
26/05/2015,"11,84",
22/05/2015,"11,80",
21/05/2015,"11,83",
20/05/2015,"11,83",
19/05/2015,"11,99",
18/05/2015,"12,05",
15/05/2015,"11,94",
14/05/2015,"11,97",
13/05/2015,"11,96",
12/05/2015,"11,96",
11/05/2015,"12,01",
08/05/2015,"11,92",
07/05/2015,"11,90",
06/05/2015,"11,77",
05/05/2015,"11,88",
04/05/2015,"11,93",
30/04/2015,"11,94",
29/04/2015,"11,78",
28/04/2015,"11,80",
27/04/2015,"11,97",
24/04/2015,"11,95",
23/04/2015,"11,88",
22/04/2015,"11,69",
21/04/2015,"11,98",
20/04/2015,"12,11",
17/04/2015,"12,14",
16/04/2015,"12,14",
15/04/2015,"12,15",
14/04/2015,"11,86",
13/04/2015,"11,93",
10/04/2015,"11,95",
09/04/2015,"11,85",
08/04/2015,"12,13",
07/04/2015,"12,13",
06/04/2015,"11,99",
01/04/2015,"12,13",
31/03/2015,"11,97",
30/03/2015,"11,90",
27/03/2015,"11,75",
26/03/2015,"12,01",
25/03/2015,"11,97",
20/03/2015,"12,07",
19/03/2015,"12,04",
18/03/2015,"11,91",
17/03/2015,"12,00",
16/03/2015,"11,97",
13/03/2015,"11,81",
12/03/2015,"11,86",
11/03/2015,"11,87",
10/03/2015,"11,91",
09/03/2015,"11,87",
06/03/2015,"11,74",
05/03/2015,"11,82",
04/03/2015,"11,84",
03/03/2015,"11,82",
02/03/2015,"11,92",
27/02/2015,"11,68",
26/02/2015,"11,77",
25/02/2015,"11,74",
24/02/2015,"11,89",
23/02/2015,"11,96",
20/02/2015,"12,22",
19/02/2015,"12,23",
18/02/2015,"12,29",
13/02/2015,"12,20",
12/02/2015,"12,21",
11/02/2015,"12,25",
10/02/2015,"12,30",
09/02/2015,"12,31",
06/02/2015,"12,11",
05/02/2015,"12,27",
04/02/2015,"12,33",
03/02/2015,"12,02",
02/02/2015,"12,22",
30/01/2015,"12,19",
29/01/2015,"12,31",
28/01/2015,"12,19",
27/01/2015,"12,20",
26/01/2015,"12,18",
23/01/2015,"12,10",
22/01/2015,"12,16",
21/01/2015,"12,46",
20/01/2015,"12,41",
19/01/2015,"12,41",
16/01/2015,"12,45",
15/01/2015,"12,16",
14/01/2015,"12,22",
13/01/2015,"12,07",
12/01/2015,"12,02",
09/01/2015,"12,17",
08/01/2015,"12,13",
07/01/2015,"12,09",
06/01/2015,"11,98",
05/01/2015,"12,24",
02/01/2015,"11,93",
30/12/2014,"11,26",
29/12/2014,"11,27",
23/12/2014,"11,29",
22/12/2014,"11,24",
19/12/2014,"11,33",
18/12/2014,"11,65",
17/12/2014,"11,65",
16/12/2014,"11,39",
15/12/2014,"11,65",
12/12/2014,"11,53",
11/12/2014,"11,30",
10/12/2014,"11,66",
09/12/2014,"11,88",
05/12/2014,"12,01",
04/12/2014,"11,99",
03/12/2014,"11,91",
02/12/2014,"11,90",
01/12/2014,"12,27",
28/11/2014,"11,97",
26/11/2014,"11,97",
25/11/2014,"11,98",
21/11/2014,"11,78",
20/11/2014,"11,75",
19/11/2014,"11,92",
18/11/2014,"12,08",
17/11/2014,"12,12",
14/11/2014,"12,13",
13/11/2014,"12,45",
12/11/2014,"12,55",
11/11/2014,"12,78",
10/11/2014,"12,73",
07/11/2014,"12,98",
05/11/2014,"13,19",
04/11/2014,"13,38",
03/11/2014,"13,05",
31/10/2014,"13,05",
30/10/2014,"13,04",
29/10/2014,"12,93",
28/10/2014,"13,17",
27/10/2014,"13,19",
24/10/2014,"13,07",
23/10/2014,"13,47",
22/10/2014,"13,82",
21/10/2014,"14,07",
20/10/2014,"13,70",
17/10/2014,"13,79",
16/10/2014,"13,25",
15/10/2014,"13,24",
14/10/2014,"13,29",
10/10/2014,"13,46",
09/10/2014,"13,77",
08/10/2014,"14,27",
07/10/2014,"14,17",
06/10/2014,"15,00",
03/10/2014,"13,90",
02/10/2014,"14,36",
01/10/2014,"15,20",
30/09/2014,"14,91",
29/09/2014,"14,69",
26/09/2014,"14,73",
25/09/2014,"14,49",
24/09/2014,"14,49",
23/09/2014,"14,53",
22/09/2014,"13,91",
19/09/2014,"13,61",
18/09/2014,"13,49",
17/09/2014,"13,42",
16/09/2014,"13,33",
15/09/2014,"13,22",
12/09/2014,"13,27",
11/09/2014,"13,25",
10/09/2014,"13,32",
09/09/2014,"13,30",
08/09/2014,"12,96",
05/09/2014,"12,54",
04/09/2014,"12,75",
03/09/2014,"12,90",
02/09/2014,"12,84",
29/08/2014,"12,95",
28/08/2014,"12,97",
27/08/2014,"12,71",
26/08/2014,"12,40",
25/08/2014,"12,16",
22/08/2014,"12,38",
21/08/2014,"12,19",
20/08/2014,"11,78",
19/08/2014,"11,75",
15/08/2014,"11,60",
14/08/2014,"11,47",
13/08/2014,"11,31",
12/08/2014,"10,76",
11/08/2014,"10,50",
08/08/2014,"10,56",
07/08/2014,"10,42",
06/08/2014,"10,42",
05/08/2014,"10,35",
04/08/2014,"10,34",
01/08/2014,"10,00",
31/07/2014,"10,12",
30/07/2014,"10,26",
29/07/2014,"10,07",
28/07/2014,"9,80",
25/07/2014,"9,81",
24/07/2014,"9,93",
23/07/2014,"9,91",
22/07/2014,"9,96",
21/07/2014,"9,98",
18/07/2014,"10,08",
17/07/2014,"10,11",
16/07/2014,"10,13",
15/07/2014,"10,12",
14/07/2014,"9,88",
11/07/2014,"9,93",
10/07/2014,"10,08",
08/07/2014,"10,10",
07/07/2014,"10,20",
04/07/2014,"10,10",
03/07/2014,"10,09",
02/07/2014,"10,12",
01/07/2014,"10,11",
30/06/2014,"10,28",
27/06/2014,"10,00",
26/06/2014,"10,05",
25/06/2014,"10,12",
24/06/2014,"10,07",
23/06/2014,"10,25",
19/06/2014,"10,51",
18/06/2014,"10,71",
17/06/2014,"10,38",
16/06/2014,"10,44",
13/06/2014,"10,63",
12/06/2014,"10,51",
11/06/2014,"10,60",
10/06/2014,"10,68",
09/06/2014,"10,50",
06/06/2014,"10,59",
05/06/2014,"10,56",
04/06/2014,"10,65",
03/06/2014,"10,77",
02/06/2014,"10,88",
30/05/2014,"11,13",
29/05/2014,"11,27",
28/05/2014,"11,20",
27/05/2014,"10,81",
26/05/2014,"10,81",
23/05/2014,"10,87",
22/05/2014,"10,77",
21/05/2014,"10,92",
20/05/2014,"10,76",
19/05/2014,"10,30",
16/05/2014,"10,19",
15/05/2014,"10,13",
14/05/2014,"9,86",
13/05/2014,"9,68",
12/05/2014,"9,77",
09/05/2014,"9,66",
08/05/2014,"9,61",
07/05/2014,"9,85",
06/05/2014,"9,84",
05/05/2014,"9,96",
30/04/2014,"10,12",
29/04/2014,"10,02",
28/04/2014,"9,73",
25/04/2014,"9,67",
24/04/2014,"9,59",
23/04/2014,"9,64",
22/04/2014,"9,67",
21/04/2014,"9,75",
16/04/2014,"9,62",
15/04/2014,"9,59",
14/04/2014,"9,66",
11/04/2014,"9,61",
10/04/2014,"9,52",
09/04/2014,"9,60",
08/04/2014,"9,67",
07/04/2014,"9,65",
04/04/2014,"9,93",
03/04/2014,"10,01",
01/04/2014,"10,17",
31/03/2014,"10,00",
28/03/2014,"10,02",
27/03/2014,"10,21",
26/03/2014,"10,29",
25/03/2014,"10,30",
21/03/2014,"10,27",
20/03/2014,"10,29",
19/03/2014,"10,14",
18/03/2014,"10,14",
17/03/2014,"10,28",
14/03/2014,"10,39",
13/03/2014,"10,28",
12/03/2014,"10,40",
11/03/2014,"10,19",
10/03/2014,"10,07",
07/03/2014,"10,20",
06/03/2014,"10,32",
05/03/2014,"10,35",
28/02/2014,"10,34",
27/02/2014,"10,50",
26/02/2014,"10,51",
25/02/2014,"10,40",
24/02/2014,"10,55",
21/02/2014,"10,58",
20/02/2014,"10,55",
19/02/2014,"10,50",
18/02/2014,"10,77",
14/02/2014,"10,87",
13/02/2014,"10,95",
12/02/2014,"10,87",
11/02/2014,"10,74",
10/02/2014,"10,80",
07/02/2014,"11,62",
06/02/2014,"12,00",
05/02/2014,"12,43",
04/02/2014,"12,65",
03/02/2014,"12,00",
31/01/2014,"11,54",
30/01/2014,"11,27",
29/01/2014,"10,83",
28/01/2014,"10,93",
27/01/2014,"11,00",
24/01/2014,"11,00",
23/01/2014,"10,30",
22/01/2014,"10,11",
21/01/2014,"10,23",
17/01/2014,"9,95",
16/01/2014,"9,71",
15/01/2014,"9,60",
14/01/2014,"9,60",
13/01/2014,"9,30",
10/01/2014,"9,15",
09/01/2014,"9,22",
08/01/2014,"9,00",
07/01/2014,"9,00",
06/01/2014,"9,00",
03/01/2014,"8,89",
02/01/2014,"8,88",
30/12/2013,"8,70",
27/12/2013,"8,51",
26/12/2013,"8,58",
23/12/2013,"8,48",
20/12/2013,"8,47",
19/12/2013,"8,53",
18/12/2013,"8,55",
17/12/2013,"8,46",
16/12/2013,"8,56",
13/12/2013,"8,46",
12/12/2013,"8,44",
11/12/2013,"8,44",
10/12/2013,"8,58",
09/12/2013,"8,53",
06/12/2013,"8,55",
05/12/2013,"8,48",
04/12/2013,"8,40",
03/12/2013,"8,32",
02/12/2013,"8,52",
29/11/2013,"8,72",
27/11/2013,"8,87",
26/11/2013,"8,97",
22/11/2013,"8,93",
21/11/2013,"8,95",
20/11/2013,"9,05",
19/11/2013,"9,15",
18/11/2013,"9,20",
15/11/2013,"9,25",
14/11/2013,"9,25",
13/11/2013,"9,30",
12/11/2013,"9,23",
11/11/2013,"9,17",
08/11/2013,"9,20",
07/11/2013,"9,32",
05/11/2013,"9,18",
04/11/2013,"9,22",
01/11/2013,"9,17",
31/10/2013,"9,16",
30/10/2013,"9,11",
29/10/2013,"9,30",
28/10/2013,"9,40",
25/10/2013,"9,35",
24/10/2013,"9,35",
23/10/2013,"9,27",
22/10/2013,"9,27",
21/10/2013,"9,20",
18/10/2013,"9,10",
17/10/2013,"9,00",
16/10/2013,"9,00",
15/10/2013,"9,10",
11/10/2013,"9,10",
10/10/2013,"9,05",
09/10/2013,"9,05",
08/10/2013,"9,05",
07/10/2013,"9,10",
04/10/2013,"9,05",
03/10/2013,"9,05",
02/10/2013,"9,00",
01/10/2013,"8,98",
30/09/2013,"9,00",
27/09/2013,"9,00",
26/09/2013,"9,10",
25/09/2013,"9,22",
24/09/2013,"9,25",
23/09/2013,"9,22",
20/09/2013,"9,27",
19/09/2013,"9,27",
18/09/2013,"9,30",
17/09/2013,"9,30",
16/09/2013,"9,05",
13/09/2013,"9,00",
12/09/2013,"9,00",
11/09/2013,"8,87",
10/09/2013,"8,87",
09/09/2013,"8,88",
06/09/2013,"8,88",
05/09/2013,"8,88",
04/09/2013,"8,89",
03/09/2013,"8,82",
02/09/2013,"8,70",
30/08/2013,"8,55",
29/08/2013,"8,75",
28/08/2013,"8,74",
27/08/2013,"8,57",
26/08/2013,"8,55",
23/08/2013,"8,51",
22/08/2013,"8,55",
21/08/2013,"8,54",
20/08/2013,"8,50",
16/08/2013,"8,50",
15/08/2013,"8,50",
14/08/2013,"8,57",
13/08/2013,"8,57",
12/08/2013,"8,50",
09/08/2013,"8,55",
08/08/2013,"8,56",
07/08/2013,"8,32",
06/08/2013,"8,30",
05/08/2013,"8,30",
02/08/2013,"8,23",
01/08/2013,"8,23",
31/07/2013,"8,53",
30/07/2013,"8,32",
29/07/2013,"8,30",
26/07/2013,"8,32",
25/07/2013,"8,35",
24/07/2013,"8,31",
23/07/2013,"8,31",
22/07/2013,"8,32",
19/07/2013,"8,27",
18/07/2013,"8,55",
17/07/2013,"8,54",
16/07/2013,"8,48",
15/07/2013,"8,33",
12/07/2013,"8,20",
11/07/2013,"8,12",
10/07/2013,"8,17",
08/07/2013,"7,92",
05/07/2013,"7,86",
04/07/2013,"7,40",
03/07/2013,"7,59",
02/07/2013,"7,63",
01/07/2013,"7,90",
28/06/2013,"7,65",
27/06/2013,"7,88",
26/06/2013,"8,10",
25/06/2013,"8,18",
24/06/2013,"8,25",
19/06/2013,"7,87",
18/06/2013,"7,90",
17/06/2013,"8,02",
14/06/2013,"8,05",
13/06/2013,"8,16",
12/06/2013,"8,27",
11/06/2013,"8,28",
10/06/2013,"8,36",
07/06/2013,"8,41",
06/06/2013,"8,35",
05/06/2013,"8,30",
30/05/2013,"8,32",
29/05/2013,"8,34",
27/05/2013,"8,53",
24/05/2013,"8,62",
23/05/2013,"8,51",
22/05/2013,"8,66",
21/05/2013,"8,87",
20/05/2013,"8,83",
17/05/2013,"9,06",
16/05/2013,"9,02",
15/05/2013,"8,59",
14/05/2013,"8,71",
13/05/2013,"9,01",
10/05/2013,"9,24",
09/05/2013,"9,55",
08/05/2013,"9,54",
07/05/2013,"9,43",
06/05/2013,"9,47",
03/05/2013,"9,31",
02/05/2013,"9,31",
30/04/2013,"9,21",
29/04/2013,"9,16",
26/04/2013,"9,01",
25/04/2013,"8,85",
24/04/2013,"8,90",
23/04/2013,"8,93",
22/04/2013,"8,93",
19/04/2013,"9,04",
18/04/2013,"9,05",
17/04/2013,"8,93",
16/04/2013,"8,87",
15/04/2013,"8,73",
12/04/2013,"8,63",
11/04/2013,"8,52",
10/04/2013,"8,48",
09/04/2013,"8,44",
08/04/2013,"8,45",
05/04/2013,"8,41",
04/04/2013,"8,44",
03/04/2013,"8,54",
27/03/2013,"8,50",
26/03/2013,"8,48",
25/03/2013,"8,40",
22/03/2013,"8,59",
21/03/2013,"8,48",
20/03/2013,"8,37",
19/03/2013,"8,44",
18/03/2013,"8,49",
15/03/2013,"8,47",
14/03/2013,"8,36",
13/03/2013,"8,34",
12/03/2013,"8,33",
11/03/2013,"8,20",
08/03/2013,"8,15",
07/03/2013,"8,03",
06/03/2013,"8,06",
05/03/2013,"7,92",
04/03/2013,"8,06",
01/03/2013,"8,08",
28/02/2013,"7,78",
27/02/2013,"7,82",
26/02/2013,"7,94",
25/02/2013,"7,73",
22/02/2013,"7,67",
21/02/2013,"7,75",
19/02/2013,"7,72",
15/02/2013,"7,62",
14/02/2013,"7,71",
13/02/2013,"7,69",
08/02/2013,"7,76",
07/02/2013,"7,70",
06/02/2013,"7,77",
05/02/2013,"7,87",
04/02/2013,"7,83",
01/02/2013,"7,71",
30/01/2013,"7,68",
29/01/2013,"7,62",
28/01/2013,"7,53",
25/01/2013,"7,51",
24/01/2013,"7,46",
23/01/2013,"7,38",
22/01/2013,"7,35",
18/01/2013,"7,31",
17/01/2013,"7,33",
16/01/2013,"7,25",
15/01/2013,"7,18",
14/01/2013,"7,16",
11/01/2013,"7,13",
10/01/2013,"7,03",
09/01/2013,"7,03",
08/01/2013,"6,87",
07/01/2013,"6,83",
04/01/2013,"6,82",
03/01/2013,"6,68",
02/01/2013,"6,67",